{"AI (gemini)": 87.83928571428571, "AI (gpt)": 1454.1470588235295, "AI (claude)": 6327.279411764706}